{"options":{"check_for_updates":true,"comment":null,"compatopts_for_requires":true,"compat_wrappedjsobject":false,"compat_metadata":false,"compat_foreach":false,"compat_prototypes":false,"noframes":null,"run_at":null,"override":{"use_includes":[],"orig_includes":[],"merge_includes":true,"use_matches":[],"orig_matches":["*://item.taobao.com/*","*://yun.baidu.com/share/*","*://*detail.tmall.com/*","*://pan.baidu.com/share/*","*://*detail.tmall.hk/*","*://*.taobao.com/*","*://yun.baidu.com/s/*","*://*.tmall.com/*","*://pan.baidu.com/s/*","*://*.tmall.hk/*","*://yun.baidu.com/disk/home*","*://*.liangxinyao.com/*","*://pan.baidu.com/disk/home*","*://*.taobao.com/*","*://*.tmall.com/*","*://*.tmall.hk/*","*://*.jd.com/*","*://*.jd.hk/*","*://*.yiyaojd.com/*","*://*.liangxinyao.com/*"],"merge_matches":true,"use_excludes":[],"orig_excludes":["*://login.taobao.com/*","*://pages.tmall.com/*","*://uland.taobao.com"],"merge_excludes":true,"use_connects":[],"merge_connects":true,"use_blockers":[],"orig_run_at":"document-body","orig_noframes":null,"orig_connects":["azkou.cn","idey.cn","baidu.com","baiduyun.wiki","*","baidupcs.com"]}},"settings":{"enabled":true,"position":4},"meta":{"name":"(最新完美版)百度网盘下载助手","uuid":"6ce0c5cb-33f0-4a7b-9abf-ddd281536aec","modified":1635731950303,"file_url":"https://greasyfork.org/scripts/425895-%E6%9C%80%E6%96%B0%E5%AE%8C%E7%BE%8E%E7%89%88-%E7%99%BE%E5%BA%A6%E7%BD%91%E7%9B%98%E4%B8%8B%E8%BD%BD%E5%8A%A9%E6%89%8B/code/(%E6%9C%80%E6%96%B0%E5%AE%8C%E7%BE%8E%E7%89%88)%E7%99%BE%E5%BA%A6%E7%BD%91%E7%9B%98%E4%B8%8B%E8%BD%BD%E5%8A%A9%E6%89%8B.user.js"}}