{"data":{"Config":"s{\"isRedirectEnable\":true,\"isAdsEnable\":true,\"isAutopage\":true,\"isBlockEnable\":false,\"isBlockDisplay\":false,\"isBlockBtnNotDisplay\":false,\"AdsStyleEnable\":true,\"baidu\":{\"name\":\"baidu\",\"AdsStyleMode\":\"2\",\"HuYanMode\":false},\"google\":{\"name\":\"google\",\"AdsStyleMode\":\"2\",\"HuYanMode\":false},\"bing\":{\"name\":\"bing\",\"AdsStyleMode\":\"3\",\"HuYanMode\":false},\"duck\":{\"name\":\"duck\",\"AdsStyleMode\":\"3\",\"HuYanMode\":false},\"doge\":{\"name\":\"doge\",\"AdsStyleMode\":\"3\",\"HuYanMode\":false},\"sogou\":{\"name\":\"sogou\",\"AdsStyleMode\":\"1\",\"HuYanMode\":false},\"zhihu\":{\"name\":\"zhihu\",\"AdsStyleMode\":\"0\",\"HuYanMode\":false},\"other\":{\"name\":\"other\",\"AdsStyleMode\":\"0\",\"HuYanMode\":false},\"Style_BaiduLite\":true,\"defaultHuYanColor\":\"#DEF1EF\",\"isUserColorEnable\":true,\"isFaviconEnable\":true,\"defaultFaviconUrl\":\"https://cdn.jsdelivr.net/gh/Jintaovo/cdn@master/img/logo/0.ico\",\"doDisableSug\":true,\"isRightDisplayEnable\":false,\"isCounterEnable\":false,\"isALineEnable\":false,\"isUserStyleEnable\":true,\"normalizeDuck\":true,\"acceptLicense\":true,\"isEnLang\":false,\"isGooleInBaiduModeEnable\":false,\"UserBlockList\":[],\"UserStyleText\":\"/**计数器的颜色样式*/\\ndiv .AC-CounterT{\\n  background: #FD9999;\\n}\\n/**右侧栏的样式-其实不开启更好看一些*/\\n#content_right{\\n  padding: 20px 15px 15px;\\n  border-radius: 5px;\\n  background-color: #fff;\\n  box-sizing: border-box;\\n  box-shadow: 0 0 20px 2px rgba(0, 0, 0, .1);\\n  -webkit-box-shadow: 0 0 20px 2px rgba(0, 0, 0, .1);\\n  -moz-box-shadow: 0 0 20px 2px rgba(0, 0, 0, .1);\\n}\\nbody[baidu] {\\n  position: relative;\\n}\\nbody[baidu]:before {\\n  position: fixed;\\n  width: 100%;\\n  height: 100%;\\n  top: 0;\\n  left: 0;\\n  content: '';\\n  background: linear-gradient( 90deg, rgba(247, 149, 51, 0.1) 0, rgba(243, 112, 85, 0.1) 15%, rgba(239, 78, 123, 0.1) 30%, rgba(161, 102, 171, 0.1) 44%, rgba(80, 115, 184, 0.1) 58%, rgba(16, 152, 173, 0.1) 72%, rgba(7, 179, 155, 0.1) 86%, rgba(109, 186, 130, 0.1) 100% );;\\n  background-size: 100% auto;\\n  opacity: 1; /*背景图透明度=0.8，最大1*/\\n}\\n/**隐藏首页的大图标-修复可能导致外援样式异常**/\\nbody[baidu] #s_lg_img_new{\\n  display:none !important;\\n}\\nbody[baidu] .c-container{\\n  border-radius: 5px;\\n  background-color: rgba(255,255,255, 0.3) !important; /*百度搜索块体的颜色；透明度=0.1，最大1*/\\n}\\nbody[baidu] .c-container h3{\\n  background-color: rgba(248,248,248, 0.3) !important; /*百度搜索块体 - 标题的颜色；透明度=0.1，最大1*/\\n}\",\"oldVersion\":\"24.26\",\"lastSaveTime\":1635732164207}"},"ts":1635732164207}