{"options":{"check_for_updates":true,"comment":null,"compatopts_for_requires":true,"compat_wrappedjsobject":false,"compat_metadata":false,"compat_foreach":false,"compat_prototypes":false,"noframes":null,"run_at":null,"override":{"use_includes":[],"orig_includes":[],"merge_includes":true,"use_matches":[],"orig_matches":["*://pan.baidu.com/disk/*","*://pan.baidu.com/mbox/*","*://pan.baidu.com/play/*","*://yun.baidu.com/disk/*","*://yun.baidu.com/mbox/*","*://yun.baidu.com/play/*","*://pan.baidu.com/s/*","*://yun.baidu.com/s/*","*://pan.baidu.com/share/*","*://yun.baidu.com/share/*"],"merge_matches":true,"use_excludes":[],"orig_excludes":[],"merge_excludes":true,"use_connects":[],"merge_connects":true,"use_blockers":[],"orig_run_at":"document-idle","orig_noframes":null,"orig_connects":[]}},"settings":{"enabled":true,"position":2},"meta":{"name":"百度云去广告，快捷键倍速，免VIP解锁倍速、画质！全网独家！","uuid":"2bd1d360-7f75-4435-89da-8d0b9f960e32","modified":1635731646637,"file_url":"https://greasyfork.org/scripts/422814-%E7%99%BE%E5%BA%A6%E4%BA%91%E5%8E%BB%E5%B9%BF%E5%91%8A-%E5%BF%AB%E6%8D%B7%E9%94%AE%E5%80%8D%E9%80%9F-%E5%85%8Dvip%E8%A7%A3%E9%94%81%E5%80%8D%E9%80%9F-%E7%94%BB%E8%B4%A8-%E5%85%A8%E7%BD%91%E7%8B%AC%E5%AE%B6/code/%E7%99%BE%E5%BA%A6%E4%BA%91%E5%8E%BB%E5%B9%BF%E5%91%8A%EF%BC%8C%E5%BF%AB%E6%8D%B7%E9%94%AE%E5%80%8D%E9%80%9F%EF%BC%8C%E5%85%8DVIP%E8%A7%A3%E9%94%81%E5%80%8D%E9%80%9F%E3%80%81%E7%94%BB%E8%B4%A8%EF%BC%81%E5%85%A8%E7%BD%91%E7%8B%AC%E5%AE%B6%EF%BC%81.user.js"}}